order,release,artist,bandcamp_url,spotify_url,image_url,filename
1,"The Last Days","Silence Awaits","https://crystalsoul.bandcamp.com/album/the-last-days","https://open.spotify.com/intl-es/album/0CSLbiz5DUvaNwxuPl1L1a","https://f4.bcbits.com/img/a0322694894_10.jpg","01-the-last-days-silence-awaits.jpg"
2,"somewhere, anywhere","Alex Creek","https://crystalsoul.bandcamp.com/album/somewhere-anywhere","https://open.spotify.com/intl-es/album/3v2LKkBF6jpovwhECNNEgc","https://f4.bcbits.com/img/a3175446379_10.jpg","02-somewhere-anywhere-alex-creek.jpg"
3,"Lock Me In The Cage","Alex Creek","https://crystalsoul.bandcamp.com/track/lock-me-in-the-cage","https://open.spotify.com/intl-es/album/2yirQbLWKVpucumX2aJPYc","https://f4.bcbits.com/img/a4035194912_10.jpg","03-lock-me-in-the-cage-alex-creek.jpg"
4,"Ode To Nothingness","Calming Death","https://crystalsoul.bandcamp.com/album/ode-to-nothingness","","https://f4.bcbits.com/img/a1197359767_10.jpg","04-ode-to-nothingness-calming-death.jpg"
5,"Off My Head (Single)","Alex Creek","https://crystalsoul.bandcamp.com/album/off-my-head-single","https://open.spotify.com/intl-es/album/5zq0bYag5yJ1YfVUTpLQJh","https://f4.bcbits.com/img/a4218171962_10.jpg","05-off-my-head-alex-creek.jpg"
6,"Intrusivecore","Sirensence","https://crystalsoul.bandcamp.com/album/intrusivecore","","https://f4.bcbits.com/img/a2024739554_10.jpg","06-intrusivecore-sirensence.jpg"
7,"True Love Ft. Unagi-san (Single)","Crystal Soul Ft. Unagi-san","https://crystalsoul.bandcamp.com/album/true-love-ft-unagi-san-single","https://open.spotify.com/intl-es/album/38HR14MujjgJk9ldFAlTTN","https://f4.bcbits.com/img/a2233534278_10.jpg","07-true-love-crystal-soul-ft-unagi-san.jpg"
8,"Me Quedo Aquí (EP)","Neon Paint","https://crystalsoul.bandcamp.com/album/me-quedo-aqu-ep","https://open.spotify.com/intl-es/album/3RAW82V5o9IjAWUJQ76gUJ","https://f4.bcbits.com/img/a2374272274_10.jpg","08-me-quedo-aqui-neon-paint.jpg"
9,"Good Times Come With A Price","Sirensence","https://crystalsoul.bandcamp.com/album/good-times-come-with-a-price","","https://f4.bcbits.com/img/a3683478074_10.jpg","09-good-times-come-with-a-price-sirensence.jpg"
10,"Echoes Of The Night (Single)","Crystal Soul","https://crystalsoul.bandcamp.com/album/echoes-of-the-night-single","https://open.spotify.com/intl-es/album/3mnWUVv0Hb8Kuoo815uBx7","https://f4.bcbits.com/img/a1404159418_10.jpg","10-echoes-of-the-night-crystal-soul.jpg"
11,"Human Dissection (EP)","Silence Awaits","https://crystalsoul.bandcamp.com/album/human-dissection-ep","https://open.spotify.com/intl-es/album/0fv3Z07AHp7xe4BOPKVZmA","https://f4.bcbits.com/img/a0978230268_10.jpg","11-human-dissection-silence-awaits.jpg"
12,"Cabeza de Loco, Pt. 2","El Arroyo Tropical","https://crystalsoul.bandcamp.com/album/cabeza-de-loco-pt-2","","https://f4.bcbits.com/img/a3932128015_10.jpg","12-cabeza-de-loco-pt-2-el-arroyo-tropical.jpg"
13,"Cabeza De Loco","El Arroyo Tropical","https://crystalsoul.bandcamp.com/album/cabeza-de-loco","","https://f4.bcbits.com/img/a3551968585_10.jpg","13-cabeza-de-loco-el-arroyo-tropical.jpg"
14,"I Wish You Were Here (EP)","Alex Creek","https://crystalsoul.bandcamp.com/album/i-wish-you-were-here-ep","https://open.spotify.com/intl-es/album/6gTWgAV3yg6LVAVO4SCqQQ","https://f4.bcbits.com/img/a2546675920_10.jpg","14-i-wish-you-were-here-alex-creek.jpg"
15,"The Dark & Shallow End (Single)","Silence Awaits","https://crystalsoul.bandcamp.com/album/the-dark-shallow-end-single","https://open.spotify.com/intl-es/album/1iIX7KYoY2o2UbGt5Da18f","https://f4.bcbits.com/img/a2499592936_10.jpg","15-the-dark-and-shallow-end-silence-awaits.jpg"
16,"Dark Oasis","Crystal Soul","https://crystalsoul.bandcamp.com/album/dark-oasis","https://open.spotify.com/intl-es/album/0sqv6mD33hbRfQp1ASaBQQ","https://f4.bcbits.com/img/a2257822386_10.jpg","16-dark-oasis-crystal-soul.jpg"
17,"Frame Perfect","Crystal Soul","https://crystalsoul.bandcamp.com/album/frame-perfect","https://open.spotify.com/intl-es/album/4y2pzzD0Ormy6xBJNVY56z","https://f4.bcbits.com/img/a2816788404_10.jpg","17-frame-perfect-crystal-soul.jpg"
18,"Repressed Memories","Crystal Soul","https://crystalsoul.bandcamp.com/album/repressed-memories","https://open.spotify.com/intl-es/album/0wzeDHMTu373CI04Ojm1WF","https://f4.bcbits.com/img/a3184520210_10.jpg","18-repressed-memories-crystal-soul.jpg"
19,"nowhere","Crystal Soul","https://crystalsoul.bandcamp.com/album/nowhere","https://open.spotify.com/intl-es/album/6OXfvXerzd6Si9TlrJIFRz","https://f4.bcbits.com/img/a3507439280_10.jpg","19-nowhere-crystal-soul.jpg"
20,"Death & Damnation","Silence Awaits","https://crystalsoul.bandcamp.com/album/death-damnation","https://open.spotify.com/intl-es/album/309H9k0zcXXhDEAGKNAaWt","https://f4.bcbits.com/img/a3720150662_10.jpg","20-death-and-damnation-silence-awaits.jpg"
21,"Feral Nightmares (Demos)","Silence Awaits","https://crystalsoul.bandcamp.com/album/feral-nightmares-demos","https://open.spotify.com/intl-es/album/5YetxHXOGRwB1PM6sy7PIl","https://f4.bcbits.com/img/a2746563626_10.jpg","21-feral-nightmares-demos-silence-awaits.jpg"
22,"Pink Eclipse","Crystal Soul","https://crystalsoul.bandcamp.com/album/pink-eclipse","https://open.spotify.com/intl-es/album/19AP2fL7BYM5Jmg33BBxlh","https://f4.bcbits.com/img/a0075862452_10.jpg","22-pink-eclipse-crystal-soul.jpg"
23,"The Sighting","Silence Awaits","https://crystalsoul.bandcamp.com/album/the-sighting","https://open.spotify.com/intl-es/album/3dmYLbl9VUSAbc3OQUpcdD","https://f4.bcbits.com/img/a1630872951_10.jpg","23-the-sighting-silence-awaits.jpg"
24,"Pink Eclipse (Demo)","Crystal Soul","https://crystalsoul.bandcamp.com/album/pink-eclipse-demo","https://open.spotify.com/intl-es/album/1BvEx4NuDVxPdefUz2Bm7S","https://f4.bcbits.com/img/a4132410831_10.jpg","24-pink-eclipse-demo-crystal-soul.jpg"
25,"The Sighting (Demo)","Silence Awaits","https://crystalsoul.bandcamp.com/album/the-sighting-demo","","https://f4.bcbits.com/img/a1170937644_10.jpg","25-the-sighting-demo-silence-awaits.jpg"
26,"Old Songs (Demos)","Alex Creek","https://crystalsoul.bandcamp.com/album/old-songs-demos","https://open.spotify.com/intl-es/album/6IUM5iL7Vbs1jlXXWq7SGw","https://f4.bcbits.com/img/a2858995324_10.jpg","26-old-songs-demos-alex-creek.jpg"
