order,artist,title,format,release_date,year,track_count,total_duration,explicit,spotify_release_url,cover_file,copyright,phonographic_rights,bandcamp_status,cover_url
1,Neon Paint,En el viejo bar,Single,2026-09-21,2026,1,2:41,no,https://open.spotify.com/intl-es/album/5zdOVfFEO3Xkzrt9a9i34X,covers/01-en-el-viejo-bar.jpg,© 2026 Crystal Soul Records,℗ 2026 Crystal Soul Records,not_available
2,Neon Paint,Sirena del mar,Single,2026-09-21,2026,1,2:13,no,https://open.spotify.com/intl-es/album/6Xd8mmYG4ZsNtaNxkRl8t7,covers/02-sirena-del-mar.jpg,© 2026 Crystal Soul Records,℗ 2026 Crystal Soul Records,not_available
3,Neon Paint,"Oh, My Love",Single,2026-09-20,2026,1,2:13,no,https://open.spotify.com/intl-es/album/0o5F5G5g9u1h6WRQmSWp3M,covers/03-oh-my-love.jpg,© 2026 Crystal Soul Records,℗ 2026 Crystal Soul Records,not_available
4,Neon Paint,ERES MI ESTRELLA (CUANDO NO HAY NADIE AQUÍ),Single,2026-09-14,2026,1,4:58,no,https://open.spotify.com/intl-es/album/4ZSZXzUDtOHsGCld0bX0Iy,covers/04-eres-mi-estrella-cuando-no-hay-nadie-aqui.jpg,© 2026 Crystal Soul Records,℗ 2026 Crystal Soul Records,not_available
5,Neon Paint,No te vayas (Remaster 2026),Single,2026-09-11,2026,1,2:12,no,https://open.spotify.com/intl-es/album/4rckCQAGYIlo9TAdzjddtd,covers/05-no-te-vayas-remaster-2026.jpg,© 2026 Crystal Soul Records,℗ 2026 Crystal Soul Records,not_available
6,Neon Paint,Náufrago de Amor,Single,2026-09-07,2026,1,2:32,no,https://open.spotify.com/intl-es/album/7op1KFVbf3lQVTzBeKg48k,covers/06-naufrago-de-amor.jpg,© 2026 Crystal Soul Records,℗ 2026 Crystal Soul Records,not_available
7,Neon Paint,Bajo las estrellas,Single,2026-09-02,2026,1,4:30,no,https://open.spotify.com/intl-es/album/0qXXWnfz0F90a13pgYyxLs,covers/07-bajo-las-estrellas.jpg,© 2026 Crystal Soul Records,℗ 2026 Crystal Soul Records,not_available
8,Neon Paint,Cuéntame del cielo,Single,2026-09-02,2026,1,5:29,no,https://open.spotify.com/intl-es/album/70XONRxjA97bizDew4wvRE,covers/08-cuentame-del-cielo.jpg,© 2026 Crystal Soul Records,℗ 2026 Crystal Soul Records,not_available
9,Neon Paint,BAJO LA LLUVIA,Single,2026-08-31,2026,1,3:10,no,https://open.spotify.com/intl-es/album/0Ki6QxMzMv90GsF1yZeb8C,covers/09-bajo-la-lluvia.jpg,© 2026 Crystal Soul Records,℗ 2026 Crystal Soul Records,not_available
10,Neon Paint,La chica del mar,Single,2026-08-31,2026,1,2:42,no,https://open.spotify.com/intl-es/album/37mKHWvLBIpsKF380YufLz,covers/10-la-chica-del-mar.jpg,© 2026 Crystal Soul Records,℗ 2026 Crystal Soul Records,not_available
11,Neon Paint,Eres mi estrella fugaz,Single,2026-08-27,2026,1,2:13,no,https://open.spotify.com/intl-es/album/3LXK9l8C0U4oOighx9Fl1A,covers/11-eres-mi-estrella-fugaz.jpg,© 2026 Crystal Soul Records,℗ 2026 Crystal Soul Records,not_available
12,Neon Paint,Nada ni Nadie,Single,2026-08-25,2026,1,4:03,no,https://open.spotify.com/intl-es/album/2hyq9MxOGRPTkvqXR79sOo,covers/12-nada-ni-nadie.jpg,© 2026 Crystal Soul Records,℗ 2026 Crystal Soul Records,not_available
13,Neon Paint,Ven junto a mí,Single,2026-08-20,2026,1,3:29,no,https://open.spotify.com/intl-es/album/5nDVDwia09jV7izSdhfzo1,covers/13-ven-junto-a-mi.jpg,© 2026 Crystal Soul Records,℗ 2026 Crystal Soul Records,not_available
14,Neon Paint,Nunca lo aceptaría,Single,2026-07-23,2026,1,2:14,no,https://open.spotify.com/intl-es/album/3N3fWDVTBh0d9eoHOBv7De,covers/14-nunca-lo-aceptaria.jpg,© 2026 Crystal Soul Records,℗ 2026 Crystal Soul Records,not_available
15,Neon Paint,Mas Que Ayer,Single,2026-09-26,2026,1,3:56,no,https://open.spotify.com/intl-es/album/4yV3TzzlTrwl14uDismF9x,covers/15-mas-que-ayer.jpg,© 2026 Crystal Soul Records,℗ 2026 Crystal Soul Records,not_available
16,Neon Paint,Mirame,Single,2026-09-26,2026,1,1:46,no,https://open.spotify.com/intl-es/album/4c6XGb98aomzAQbth8xb17,covers/16-mirame.jpg,© 2026 Crystal Soul Records,℗ 2026 Crystal Soul Records,not_available
17,Neon Paint,DESTELLO,Single,2026-10-01,2026,1,5:15,no,https://open.spotify.com/intl-es/album/1DAi0ErDPkUFjIK8AEujAZ,,© 2026 Crystal Soul Records,℗ 2026 Crystal Soul Records,not_available,https://i.scdn.co/image/ab67616d0000aa54b4b0b842247edbab1f59e958
18,Neon Paint,Ya No Hay Noches Para Mí,Single,2026-10-01,2026,1,2:30,no,https://open.spotify.com/intl-es/album/2NXclbI22fbtprqhZRlGad,,© 2026 Crystal Soul Records,℗ 2026 Crystal Soul Records,not_available,https://i.scdn.co/image/ab67616d0000aa54f49306cc57a3c9f0b444855d
