release_title,track_number,track_title,duration,explicit,spotify_track_url
En el viejo bar,1,En el viejo bar,2:41,no,https://open.spotify.com/intl-es/track/5QRB99OMjmra8BZhPY22Ha
Sirena del mar,1,Sirena del mar,2:13,no,https://open.spotify.com/intl-es/track/22L7AMpOV2Yh0QmHPJVzSu
"Oh, My Love",1,"Oh, My Love",2:13,no,https://open.spotify.com/intl-es/track/0pHsBLNMZrAaIYSk6MxID5
ERES MI ESTRELLA (CUANDO NO HAY NADIE AQUÍ),1,ERES MI ESTRELLA (CUANDO NO HAY NADIE AQUÍ),4:58,no,https://open.spotify.com/intl-es/track/7Gw5fNezzhzcjIElH5lazX
No te vayas (Remaster 2026),1,No te vayas (Remaster 2026),2:12,no,https://open.spotify.com/intl-es/track/3nrZQPf8ZE4lXVyoGsA89C
Náufrago de Amor,1,Náufrago de Amor,2:32,no,https://open.spotify.com/intl-es/track/3lqqXroowpy6pxBmwApZh8
Bajo las estrellas,1,Bajo las estrellas,4:30,no,https://open.spotify.com/intl-es/track/62CjcIhKbJBTdakI3WtkU5
Cuéntame del cielo,1,Cuéntame del cielo,5:29,no,https://open.spotify.com/intl-es/track/0IGBm2zusNf2ValSgmHOUK
BAJO LA LLUVIA,1,BAJO LA LLUVIA,3:10,no,https://open.spotify.com/intl-es/track/3EJ4uGcvRRxQE95yqhUJd1
La chica del mar,1,La chica del mar,2:42,no,https://open.spotify.com/intl-es/track/0tafUGic7Vp6OyK3EpXLw4
Eres mi estrella fugaz,1,Eres mi estrella fugaz,2:13,no,https://open.spotify.com/intl-es/track/3iQVrjO8UUknKw52COAXdv
Nada ni Nadie,1,Nada ni Nadie,4:03,no,https://open.spotify.com/intl-es/track/2xfetx4yk4M2GzRitXSJzF
Ven junto a mí,1,Ven junto a mí,3:29,no,https://open.spotify.com/intl-es/track/5nXPVRqWk8HHi8V7Smo1s4
Nunca lo aceptaría,1,Nunca lo aceptaría,2:14,no,https://open.spotify.com/intl-es/track/4iRCqZTl1q04uK9HO7EYCC
