order,artist,title,format,release_date,year,track_count,total_duration,explicit,spotify_release_url,cover_file,copyright,phonographic_rights,bandcamp_status
1,Sirensence,My Little Siren,EP,2026-09-11,2026,5,17:18,no,https://open.spotify.com/intl-es/album/48nFT6QIJOvDr9dpopiOGP,covers/01-my-little-siren.jpg,© 2026 Crystal Soul Records,℗ 2026 Crystal Soul Records,not_available
2,Sirensence,No One Ever Cared for Me,Single,2026-09-11,2026,1,3:05,no,https://open.spotify.com/intl-es/album/3VKrkp1tenYQwAGxk7HqAu,covers/02-no-one-ever-cared-for-me.jpg,© 2026 Crystal Soul Records,℗ 2026 Crystal Soul Records,not_available
3,Sirensence,Caffeine and Collapse,Single,2026-09-10,2026,1,2:22,yes,https://open.spotify.com/intl-es/album/1j8j5Znjt9ZIQVXnscBKmY,covers/03-caffeine-and-collapse.jpg,© 2026 Crystal Soul Records,℗ 2026 Crystal Soul Records,not_available
4,Sirensence,Heavy Vibe,Single,2026-09-08,2026,1,2:29,no,https://open.spotify.com/intl-es/album/06SFiRoJj84vY4FbsztcQl,covers/04-heavy-vibe.jpg,© 2026 Crystal Soul Records,℗ 2026 Crystal Soul Records,not_available
5,Sirensence,Pretty Things Stay Here,Single,2026-09-06,2026,1,2:14,yes,https://open.spotify.com/intl-es/album/2nPxwJQ5DlUmXcUC7cI5Jx,covers/05-pretty-things-stay-here.jpg,© 2026 Crystal Soul Records,℗ 2026 Crystal Soul Records,not_available
6,Sirensence,Cloud Island,Single,2026-09-01,2026,1,5:27,no,https://open.spotify.com/intl-es/album/7H9ABQyty4Jk1dKuMNNwzo,covers/06-cloud-island.jpg,© 2026 Crystal Soul Records,℗ 2026 Crystal Soul Records,not_available
7,Sirensence,Daddy's Not Allright,Single,2026-08-30,2026,1,3:29,no,https://open.spotify.com/intl-es/album/3FZLBy69hK0uWelEvm8qEu,covers/07-daddys-not-allright.jpg,© 2026 Crystal Soul Records,℗ 2026 Crystal Soul Records,not_available
8,Sirensence,Without a Soul,Single,2026-08-29,2026,1,4:03,no,https://open.spotify.com/intl-es/album/1KlE3dakBIHZYUWjkIG9t2,covers/08-without-a-soul.jpg,© 2026 Crystal Soul Records,℗ 2026 Crystal Soul Records,not_available
9,Sirensence,Sirensence Lofi Nights,Album,2026-07-05,2026,20,47:22,no,https://open.spotify.com/intl-es/album/7C9m4vuSjPCRJGlMw6jpto,covers/09-sirensence-lofi-nights.jpg,© 2026 Crystal Soul Records,℗ 2026 Crystal Soul Records,not_available
